{
	"admin":{
		"name":"Sanjeda Easmin Rimi",
		"id":"18-36122-1",
		"image":"..\/Uploads\/Images\/TeamMember\/rimi.jpg"
	},
	"manager":{
		"name":"MD Meshkatur Rahman",
		"id":"18-38672-3",
		"image":"..\/Uploads\/Images\/TeamMember\/meshkat.jpg"
	},
	"customer":{
		"name":"Suraiya Jahan Chowa",
		"id":"17-35523-3",
		"image":"..\/Uploads\/Images\/TeamMember\/chowa.jpg"
	},
	"delivery_man":{
		"name":"MD Shohidul Islam Tarek",
		"id":"18-38690-3",
		"image":"..\/Uploads\/Images\/TeamMember\/tareq.jpg"
	}
}